address_raw,address_type,address_clean
"Av. de la Paloma, 36-38, Carretera de Cádiz, 29003 Málaga",house_number,"Avenida de la Paloma, 36-38, Carretera de Cádiz, 29003, Málaga, Spain"
"Av. de la Paloma, 43, Carretera de Cádiz, 29003 Málaga",house_number,"Avenida de la Paloma, 43, Carretera de Cádiz, 29003, Málaga, Spain"
"C. Conde de Guadalhorce, 6-8, Cruz de Humilladero, 29006 Málaga",house_number,"Calle Conde de Guadalhorce, 6-8, Cruz de Humilladero, 29006, Málaga, Spain"
"C. Federico García Lorca, 13-11, Carretera de Cádiz, 29003 Málaga",house_number,"Calle Federico García Lorca, 13-11, Carretera de Cádiz, 29003, Málaga, Spain"
"Calle Goya, 7, Carretera de Cádiz, 29002 Málaga",house_number,"Calle Goya, 7, Carretera de Cádiz, 29002, Málaga, Spain"
"C. Gran Bretaña, 2-8, Cruz de Humilladero, 29004 Málaga",house_number,"Calle Gran Bretaña, 2-8, Cruz de Humilladero, 29004, Málaga, Spain"
"C. Héroe de Sostoa, 105, Carretera de Cádiz, 29003 Málaga",house_number,"Calle Héroe de Sostoa, 105, Carretera de Cádiz, 29003, Málaga, Spain"
"C. Isla Cristina, 13-15, Carretera de Cádiz, 29003 Málaga",house_number,"Calle Isla Cristina, 13-15, Carretera de Cádiz, 29003, Málaga, Spain"
"C. José María Jacquard, 55-53, Cruz de Humilladero, 29004 Málaga",house_number,"Calle José María Jacquard, 55-53, Cruz de Humilladero, 29004, Málaga, Spain"
"C. Martínez de la Rosa, 92, Bailén-Miraflores, 29010 Málaga",house_number,"Calle Martínez de la Rosa, 92, Bailén-miraflores, 29010, Málaga, Spain"
"C. Eugenio Gross, 26, Distrito Centro, 29009 Málaga",house_number,"Calle Eugenio Gross, 26, Distrito Centro, 29009, Málaga, Spain"
"Abogado Federico Orellana Toledano, 20",house_number,"Abogado Federico Orellana Toledano, 20, Málaga, Spain"
"Albacete, 2 - Malaga",house_number,"Albacete, 2, Málaga, Spain"
"C. Albacete, 9 malaga",house_number,"Calle Albacete, 9, Málaga, Spain"
"C. del Alcalde Díaz Zafra, 10, Cruz de Humilladero, 29006 Málaga",house_number,"Calle del Alcalde Díaz Zafra, 10, Cruz de Humilladero, 29006, Málaga, Spain"
"Alcalde Joaquín Alonso, 17 malaga",house_number,"Alcalde Joaquín Alonso, 17, Málaga, Spain"
Alejandro Dumas 19,house_number,"Alejandro Dumas 19, Málaga, Spain"
C. Almogía MALAGA,street_only,"Calle Almogía, Málaga, Spain"
"amarguillo, 2 - Malaga",house_number,"Amarguillo, 2, Málaga, Spain"
Andarax con Camino de san Rafael,intersection,"Andarax and Camino de San Rafael, Málaga, Spain"
"Antonio Chacon, 5 - malaga",house_number,"Antonio Chacon, 5, Málaga, Spain"
"Antonio Gaudi, 2 - malaga",house_number,"Antonio Gaudi, 2, Málaga, Spain"
"Archidona, 15 - Malaga",house_number,"Archidona, 15, Málaga, Spain"
"archidona, 5 malaga",house_number,"Archidona, 5, Málaga, Spain"
Aresnisca con Obsidiana - Malaga,intersection,"Aresnisca and Obsidiana, Málaga, Spain"
"C. Arlanza, 9 malaga",house_number,"Calle Arlanza, 9, Málaga, Spain"
C. Arlanzón MALAGA,street_only,"Calle Arlanzón, Málaga, Spain"
calle armengual de la mota 1,house_number,"Calle Armengual de la Mota 1, Málaga, Spain"
"Arroyo de los Angeles, 30",house_number,"Arroyo de los Angeles, 30, Málaga, Spain"
"Av. del Arroyo de los Ángeles, 60",house_number,"Avenida del Arroyo de los Ángeles, 60, Málaga, Spain"
Arroyo de los Angeles esquina Crisitino Martos,intersection,"Arroyo de los Angeles and Crisitino Martos, Málaga, Spain"
Arroyo de los Angeles esquina nuestra señora de los clarines,intersection,"Arroyo de los Angeles and Nuestra Señora de los Clarines, Málaga, Spain"
"Av. de la Aurora, 63",house_number,"Avenida de la Aurora, 63, Málaga, Spain"
"Avda del Obispo Angel Herrea Oria, 5",house_number,"Avenida del Obispo Angel Herrea Oria, 5, Málaga, Spain"
Avda de los Guindos 29,house_number,"Avenida de los Guindos 29, Málaga, Spain"
Avda Imperio Argentina 7,house_number,"Avenida Imperio Argentina 7, Málaga, Spain"
"Av. de José Ortega y Gasset, 16 malaga",house_number,"Avenida de José Ortega y Gasset, 16, Málaga, Spain"
"Av. de la Aurora, 16",house_number,"Avenida de la Aurora, 16, Málaga, Spain"
"Av. de las Américas, 12",house_number,"Avenida de las Américas, 12, Málaga, Spain"
"Av. de Velázquez, 60  - malaga",house_number,"Avenida de Velázquez, 60, Málaga, Spain"
Velazquez 16,house_number,"Velazquez 16, Málaga, Spain"
"Avenida de Bonaire, 5 - Malaga",house_number,"Avenida de Bonaire, 5, Málaga, Spain"
"Avenida de Europa, 117 - malaga",house_number,"Avenida de Europa, 117, Málaga, Spain"
Avenida de Europa esquina puerto oncala,intersection,"Avenida de Europa and Puerto Oncala, Málaga, Spain"
Avenida de la Luz 11 - malaga,house_number,"Avenida de la Luz 11, Málaga, Spain"
"Avenida de la Paloma, 23 - malaga",house_number,"Avenida de la Paloma, 23, Málaga, Spain"
"Avenida de Moliere, 1",house_number,"Avenida de Moliere, 1, Málaga, Spain"
Av. de Molière MALAGA,street_only,"Avenida de Molière, Málaga, Spain"
"Av. de Molière, 20",house_number,"Avenida de Molière, 20, Málaga, Spain"
"ayala, 33  - malaga",house_number,"Ayala, 33, Málaga, Spain"
"C. Ayamonte, 9 malaga",house_number,"Calle Ayamonte, 9, Málaga, Spain"
"C. Benagalbón, 16-26 MALAGA",house_number,"Calle Benagalbón, 16-26, Málaga, Spain"
Calle Bidasoa,street_only,"Calle Bidasoa, Málaga, Spain"
"Blas de Lezo, 19 Malaga",house_number,"Blas de Lezo, 19, Málaga, Spain"
"C. Cabriel, 25-19 malaga",house_number,"Calle Cabriel, 25-19, Málaga, Spain"
calle ayala 88 Malaga,house_number,"Calle Ayala 88, Málaga, Spain"
calle competa 20 malaga,house_number,"Calle Competa 20, Málaga, Spain"
calle gaucin 21 - malaga,house_number,"Calle Gaucin 21, Málaga, Spain"
"Vicente Aleixandre, 17 - malaga",house_number,"Vicente Aleixandre, 17, Málaga, Spain"
Calzada de la Trinidad 8,house_number,"Calzada de la Trinidad 8, Málaga, Spain"
"de la, Cam. de la Térmica, 21, 29004 Málaga",house_number,"De La, Camino de la Térmica, 21, 29004, Málaga, Spain"
"Cam. de los Guindos, 26-28 malaga",house_number,"Camino de los Guindos, 26-28, Málaga, Spain"
"Camino de los Prados, 12 - malaga",house_number,"Camino de los Prados, 12, Málaga, Spain"
"Cam. del Pato, 32 - malaga",house_number,"Camino del Pato, 32, Málaga, Spain"
Cmo de S. Rafael 106,house_number,"Cmo de S. Rafael 106, Málaga, Spain"
"Camino suarez, 10",house_number,"Camino Suarez, 10, Málaga, Spain"
"Camino Suarez, 22-24",house_number,"Camino Suarez, 22-24, Málaga, Spain"
"Cam. Suárez, 54, Bailén-Miraflores, 29010 Málaga",house_number,"Camino Suárez, 54, Bailén-miraflores, 29010, Málaga, Spain"
C. Cancho Perez,street_only,"Calle Cancho Perez, Málaga, Spain"
capitan huelin 11 malaga,house_number,"Capitan Huelin 11, Málaga, Spain"
"Carlos Haya, 105 - Malaga",house_number,"Carlos Haya, 105, Málaga, Spain"
"Carlos Haya, 110",house_number,"Carlos Haya, 110, Málaga, Spain"
"Carlos Haya, 133 - Malaga",house_number,"Carlos Haya, 133, Málaga, Spain"
"Carlos Haya, 202 - Malaga",house_number,"Carlos Haya, 202, Málaga, Spain"
"Carlos Haya, 58",house_number,"Carlos Haya, 58, Málaga, Spain"
"Carlos de Haya, 76",house_number,"Carlos de Haya, 76, Málaga, Spain"
"Carril de la Cordobesa, 14",house_number,"Carril de la Cordobesa, 14, Málaga, Spain"
"Carril del Conde, 10 - malaga",house_number,"Carril del Conde, 10, Málaga, Spain"
"C. Castilla, 28-38 MALAGA",house_number,"Calle Castilla, 28-38, Málaga, Spain"
"C. Canillas de Aceituno, 3",house_number,"Calle Canillas de Aceituno, 3, Málaga, Spain"
C. Cañizares 20,house_number,"Calle Cañizares 20, Málaga, Spain"
"C. Corregidor Nicolás Isidro, 9",house_number,"Calle Corregidor Nicolás Isidro, 9, Málaga, Spain"
"C.  Francisco de Cossío, 12",house_number,"Calle Francisco de Cossío, 12, Málaga, Spain"
C. del Jalón 17,house_number,"Calle del Jalón 17, Málaga, Spain"
"C. Emilio Prados, 1  - malaga",house_number,"Calle Emilio Prados, 1, Málaga, Spain"
"C. del Ciprés, 20 - malaga",house_number,"Calle del Ciprés, 20, Málaga, Spain"
Cipres esquina Emilio Benavent - Malaga,intersection,"Cipres and Emilio Benavent, Málaga, Spain"
"C. Juan Sebastián Bach, 1",house_number,"Calle Juan Sebastián Bach, 1, Málaga, Spain"
calle la union 41,house_number,"Calle la Union 41, Málaga, Spain"
C. La unión  mercantil 15,house_number,"Calle la Unión Mercantil 15, Málaga, Spain"
C. La unión  mercantil 18,house_number,"Calle la Unión Mercantil 18, Málaga, Spain"
"C. Milagrosa, 7-5 malaga",house_number,"Calle Milagrosa, 7-5, Málaga, Spain"
"C. Concejal Masso Roura, 9-3",house_number,"Calle Concejal Masso Roura, 9-3, Málaga, Spain"
"Corregidor Antonio Bobadilla, 5 - Malaga",house_number,"Corregidor Antonio Bobadilla, 5, Málaga, Spain"
"C. Corregidor Carlos Garafa, 7-5 MALAGA",house_number,"Calle Corregidor Carlos Garafa, 7-5, Málaga, Spain"
"C. Corregidor Francisco de Molina, 21 MALAGA",house_number,"Calle Corregidor Francisco de Molina, 21, Málaga, Spain"
Corregidor Francisco Molina 15,house_number,"Corregidor Francisco Molina 15, Málaga, Spain"
"C. Corregidor José Viciana, 11-9 MALAGA",house_number,"Calle Corregidor José Viciana, 11-9, Málaga, Spain"
"C. Corregidor Nicolás Isidro, 23 MALAGA",house_number,"Calle Corregidor Nicolás Isidro, 23, Málaga, Spain"
"C. Cortijo de Echarte, 4",house_number,"Calle Cortijo de Echarte, 4, Málaga, Spain"
C. Realenga de San Luis 4,house_number,"Calle Realenga de San Luis 4, Málaga, Spain"
"C. la Crónica, 27 malaga",house_number,"Calle la Crónica, 27, Málaga, Spain"
"Cruz del Humilladero, 8 - malaga",house_number,"Cruz del Humilladero, 8, Málaga, Spain"
C. Sgto. Crooke López 12,house_number,"Calle Sgto. Crooke López 12, Málaga, Spain"
"C. Stendhal, 2 MALAGA",house_number,"Calle Stendhal, 2, Málaga, Spain"
C. Villanueva de Algaidas 12,house_number,"Calle Villanueva de Algaidas 12, Málaga, Spain"
C. Deva MALAGA,street_only,"Calle Deva, Málaga, Spain"
"doctor marañon, 23 Malaga",house_number,"Doctor Marañon, 23, Málaga, Spain"
"C. Dolores Ibárruri, 29MALAGA",house_number,"Calle Dolores Ibárruri, 29, Málaga, Spain"
"C. Driza, 24",house_number,"Calle Driza, 24, Málaga, Spain"
"Calle Dr. Muguerza Bernal, 15",house_number,"Calle Dr. Muguerza Bernal, 15, Málaga, Spain"
"duero con Eresma, Malaga",intersection,"Duero and Eresma, Málaga, Spain"
"Edison, 6  - Malaga",house_number,"Edison, 6, Málaga, Spain"
calle encarnacion fontiveros 4 malaga,house_number,"Calle Encarnacion Fontiveros 4, Málaga, Spain"
calle esla 3,house_number,"Calle Esla 3, Málaga, Spain"
"Eugenio Gross, 36 - Malaga",house_number,"Eugenio Gross, 36, Málaga, Spain"
"Eugenio Gross, 60 Malaga",house_number,"Eugenio Gross, 60, Málaga, Spain"
"Explanada de la Estacion, 6 - Malaga",house_number,"Explanada de la Estacion, 6, Málaga, Spain"
"Fernández Fermina, 40",house_number,"Fernández Fermina, 40, Málaga, Spain"
"Monseñor Oscar Romero, 3 - Malaga",house_number,"Monseñor Oscar Romero, 3, Málaga, Spain"
"Francisco Jimenez Lomas, 14 - malaga",house_number,"Francisco Jimenez Lomas, 14, Málaga, Spain"
"Francisco Pacheco, 11  - malaga",house_number,"Francisco Pacheco, 11, Málaga, Spain"
"Frigiliana, 18 - MALAGA",house_number,"Frigiliana, 18, Málaga, Spain"
"Gaucin esquina Angelillo de Triana,  malaga",intersection,"Gaucin and Angelillo de Triana, Málaga, Spain"
"Gerona, 34 - Malaga",house_number,"Gerona, 34, Málaga, Spain"
godino 2-4 malaga,house_number,"Godino 2-4, Málaga, Spain"
C. Godino & Av. de Luis Buñuel Malaga,street_only,"Calle Godino and Avenida de Luis Buñuel, Málaga, Spain"
"calle gongora, 22 malaga",house_number,"Calle Gongora, 22, Málaga, Spain"
"Gregorio de Diego, 23 MALAGA",house_number,"Gregorio de Diego, 23, Málaga, Spain"
"Gregorio de Diego, 7",house_number,"Gregorio de Diego, 7, Málaga, Spain"
"heroe de sostoa, 128",house_number,"Heroe de Sostoa, 128, Málaga, Spain"
"Heroe de Sostoa, 14",house_number,"Heroe de Sostoa, 14, Málaga, Spain"
"Heroe de Sostoa, 170 - Malaga",house_number,"Heroe de Sostoa, 170, Málaga, Spain"
"C. Héroe de Sostoa, 84",house_number,"Calle Héroe de Sostoa, 84, Málaga, Spain"
"C. Héroe de Sostoa, 73",house_number,"Calle Héroe de Sostoa, 73, Málaga, Spain"
"C. Héroe de Sostoa, 33",house_number,"Calle Héroe de Sostoa, 33, Málaga, Spain"
"Hilera, 28- Malaga",house_number,"Hilera, 28, Málaga, Spain"
"C. Hipócrates, 6-8 MALAGA",house_number,"Calle Hipócrates, 6-8, Málaga, Spain"
"Honduras, 6 - Malaga",house_number,"Honduras, 6, Málaga, Spain"
"Horacio Lengo, 13-15 Malaga",house_number,"Horacio Lengo, 13-15, Málaga, Spain"
"Ildefonso Marzo, 26 - malaga",house_number,"Ildefonso Marzo, 26, Málaga, Spain"
"Imperio Argentina, 1 - Malaga",house_number,"Imperio Argentina, 1, Málaga, Spain"
Imperio Argentina - Marilyn Monroe MALAGA,street_only,"Imperio Argentina - Marilyn Monroe, Málaga, Spain"
"Ingeniero de la Torre Acosta, 30",house_number,"Ingeniero de la Torre Acosta, 30, Málaga, Spain"
"Ingeniero Díaz Petersen, 16",house_number,"Ingeniero Díaz Petersen, 16, Málaga, Spain"
"Av. de Isaac Peral, 21  MALAGA",house_number,"Avenida de Isaac Peral, 21, Málaga, Spain"
"C. del Jalón, 26",house_number,"Calle del Jalón, 26, Málaga, Spain"
"C. James Joyce, 10 MALAGA",house_number,"Calle James Joyce, 10, Málaga, Spain"
Jane Bowles con Borodin - Malaga,intersection,"Jane Bowles and Borodin, Málaga, Spain"
"Joaquin Gaztambide, 11",house_number,"Joaquin Gaztambide, 11, Málaga, Spain"
C. Jose Iturbi,street_only,"Calle Jose Iturbi, Málaga, Spain"
Jose Iturbi esquina Sondalezas,intersection,"Jose Iturbi and Sondalezas, Málaga, Spain"
Alcalde Jose Luis Estrada esquina Galeno - Malaga,intersection,"Alcalde Jose Luis Estrada and Galeno, Málaga, Spain"
"Jose Ortega y Gasset, 115  malaga",house_number,"Jose Ortega y Gasset, 115, Málaga, Spain"
"Av. de José Ortega y Gasset, 23, malaga",house_number,"Avenida de José Ortega y Gasset, 23, Málaga, Spain"
"Av. de José Ortega y Gasset, 8",house_number,"Avenida de José Ortega y Gasset, 8, Málaga, Spain"
Calle Josep Pla MALAGA,street_only,"Calle Josep Pla, Málaga, Spain"
C. Juan de Robles MALAGA,street_only,"Calle Juan de Robles, Málaga, Spain"
"Juan de Valdes, 16 - Malaga",house_number,"Juan de Valdes, 16, Málaga, Spain"
"C. Juan García Hortelano, 29",house_number,"Calle Juan García Hortelano, 29, Málaga, Spain"
Juanita Reina 6  MALAGA,house_number,"Juanita Reina 6, Málaga, Spain"
"Juan Martinez Montañes, 7 - malaga",house_number,"Juan Martinez Montañes, 7, Málaga, Spain"
La Hoz esquina carpio - malaga,intersection,"La Hoz and Carpio, Málaga, Spain"
"C. Lebrija, 6-8 malaga",house_number,"Calle Lebrija, 6-8, Málaga, Spain"
"C. Luis Barahona de Soto, 11-malaga",house_number,"Calle Luis Barahona de Soto, 11, Málaga, Spain"
luis buñuel con avenida simon bolivar  Malaga,intersection,"Luis Buñuel and Avenida Simon Bolivar, Málaga, Spain"
Magistrado Salvador Barbera 11 MALAGA,house_number,"Magistrado Salvador Barbera 11, Málaga, Spain"
"C. Magistrado Salvador Barbera, 19",house_number,"Calle Magistrado Salvador Barbera, 19, Málaga, Spain"
Magistrado Salvador Barbera esquina Pablo Luna - Malaga,intersection,"Magistrado Salvador Barbera and Pablo Luna, Málaga, Spain"
"C. de Mark Twain, 4",house_number,"Calle de Mark Twain, 4, Málaga, Spain"
Marques Ovieco esquina seguismundo moret,intersection,"Marques Ovieco and Seguismundo Moret, Málaga, Spain"
martin de la plaza malaga 18,house_number,"Martin de la Plaza Malaga 18, Málaga, Spain"
"C. Martínez de la Rosa, 25-19",house_number,"Calle Martínez de la Rosa, 25-19, Málaga, Spain"
"C. Martínez de la Rosa, 69 malaga",house_number,"Calle Martínez de la Rosa, 69, Málaga, Spain"
Martinez de la Rosa esquina Leon Felipe - Malaga,intersection,"Martinez de la Rosa and Leon Felipe, Málaga, Spain"
martinez maldonado 47 - Malaga,house_number,"Martinez Maldonado 47, Málaga, Spain"
Calle martinez maldonado 74,house_number,"Calle Martinez Maldonado 74, Málaga, Spain"
"C. Máximo Gorky, 4-8",house_number,"Calle Máximo Gorky, 4-8, Málaga, Spain"
"Miraflores de los Angeles, 16 - Malaga",house_number,"Miraflores de los Angeles, 16, Málaga, Spain"
"calle muñoz seca 115, Malaga",house_number,"Calle Muñoz Seca 115, Málaga, Spain"
Nehemias con Juan Gris - Malaga,intersection,"Nehemias and Juan Gris, Málaga, Spain"
niño de gloria 13  - malaga,house_number,"Niño de Gloria 13, Málaga, Spain"
"Nuestra señora de los Clarines, 8",house_number,"Nuestra Señora de los Clarines, 8, Málaga, Spain"
"Nuestra señora de los Clarines, 9 - Malaga",house_number,"Nuestra Señora de los Clarines, 9, Málaga, Spain"
"C. Núñez Vela, 2-6 - Malaga",house_number,"Calle Núñez Vela, 2-6, Málaga, Spain"
"Nuñez Vela, 31 - Malaga",house_number,"Nuñez Vela, 31, Málaga, Spain"
"Obispo Angel Herrera Oria, 2 malaga",house_number,"Obispo Angel Herrera Oria, 2, Málaga, Spain"
"C. Oscar Esplá, 7-5 - Malaga",house_number,"Calle Oscar Esplá, 7-5, Málaga, Spain"
Oscar Wilde 2 MALAGA,house_number,"Oscar Wilde 2, Málaga, Spain"
"C/ Pacífico, 15 malaga",house_number,"Calle Pacífico, 15, Málaga, Spain"
Pacífico 18 malaga,house_number,"Pacífico 18, Málaga, Spain"
"c/ Pacifico, 35 - Malaga",house_number,"Calle Pacifico, 35, Málaga, Spain"
"C/ Pacífico, 49 MALAGA",house_number,"Calle Pacífico, 49, Málaga, Spain"
"C/ Pacífico, 57 - malaga",house_number,"Calle Pacífico, 57, Málaga, Spain"
Palma del rio 13 malaga,house_number,"Palma del Rio 13, Málaga, Spain"
"Palmilla, 16 Malaga",house_number,"Palmilla, 16, Málaga, Spain"
"Palmilla, 9 Malaga",house_number,"Palmilla, 9, Málaga, Spain"
"pedro gomez chaix, 8",house_number,"Pedro Gomez Chaix, 8, Málaga, Spain"
"Pelayo, 3-1 malaga",house_number,"Pelayo, 3-1, Málaga, Spain"
Pelayo esquina Cataluña - Malaga,intersection,"Pelayo and Cataluña, Málaga, Spain"
"Juan Gómez Juanito,  malaga",street_only,"Juan Gómez Juanito, Málaga, Spain"
"Pilar Lorengar, 5 - Malaga",house_number,"Pilar Lorengar, 5, Málaga, Spain"
C. del Pintor de la Fuente Grima,street_only,"Calle del Pintor de la Fuente Grima, Málaga, Spain"
plaza babel,street_only,"Plaza Babel, Málaga, Spain"
"Plaza Basconia con Pasaje Begoña, 3",house_number,"Plaza Basconia and Pasaje Begoña, 3, Málaga, Spain"
Plaza de Jacques Cousteau Malaga,street_only,"Plaza de Jacques Cousteau, Málaga, Spain"
Plaza de Mozart 1 - malaga,house_number,"Plaza de Mozart 1, Málaga, Spain"
"Plaza Moreno Villa, s/n - malaga",street_only,"Plaza Moreno Villa, Málaga, Spain"
"Plaza del Aparejador Federico Bermudez, 2",house_number,"Plaza del Aparejador Federico Bermudez, 2, Málaga, Spain"
"P.º de Antonio Machado, 64",house_number,"P.º de Antonio Machado, 64, Málaga, Spain"
"C. Poeta Bernardo de la Torre, 9 MALAGA",house_number,"Calle Poeta Bernardo de la Torre, 9, Málaga, Spain"
C. Poeta Narciso Franquelo Martínez MALAGA,street_only,"Calle Poeta Narciso Franquelo Martínez, Málaga, Spain"
C. Princesa 21 malaga,house_number,"Calle Princesa 21, Málaga, Spain"
Pza Herbert Von Karajan - Malaga,street_only,"Plaza Herbert Von Karajan, Málaga, Spain"
"plaza Jose Begamin, 12 - malaga",house_number,"Plaza Jose Begamin, 12, Málaga, Spain"
Pza Prudencio Jimenez,street_only,"Plaza Prudencio Jimenez, Málaga, Spain"
"Reboul, 34 - Malaga",house_number,"Reboul, 34, Málaga, Spain"
"Rosa, 1 esquina magistrado salvador barbera - Malaga",house_number,"Rosa, 1 and Magistrado Salvador Barbera, Málaga, Spain"
"C. Ruy López, 30-38 MALAGA",house_number,"Calle Ruy López, 30-38, Málaga, Spain"
"Cam. San Alberto, 10-12 MALAGA",house_number,"Camino San Alberto, 10-12, Málaga, Spain"
"Cam. San Alberto, 34-44 MALAGA",house_number,"Camino San Alberto, 34-44, Málaga, Spain"
"San Rafael, 52 - malaga",house_number,"San Rafael, 52, Málaga, Spain"
Santa Rosa de Lima 11,house_number,"Santa Rosa de Lima 11, Málaga, Spain"
"Santa Rosa de Lima, 22 - malaga",house_number,"Santa Rosa de Lima, 22, Málaga, Spain"
"santa rosa de lima, 2  - malaga",house_number,"Santa Rosa de Lima, 2, Málaga, Spain"
"Sillita de la Reina, 15",house_number,"Sillita de la Reina, 15, Málaga, Spain"
"C. Soliva, 15, Cruz de Humilladero, 29007 Málaga",house_number,"Calle Soliva, 15, Cruz de Humilladero, 29007, Málaga, Spain"
"C. Sondalezas, 31",house_number,"Calle Sondalezas, 31, Málaga, Spain"
Sondalezas con Palo Mayor  - Malaga,intersection,"Sondalezas and Palo Mayor, Málaga, Spain"
"Av de Sor Teresa Prat, 48",house_number,"Avenida de Sor Teresa Prat, 48, Málaga, Spain"
"Sor Teresa Prat, 63 - Malaga",house_number,"Sor Teresa Prat, 63, Málaga, Spain"
"C. Spengler, 11-1",house_number,"Calle Spengler, 11-1, Málaga, Spain"
C. Tarquina 5C,house_number,"Calle Tarquina 5c, Málaga, Spain"
"Paseo de los Tilos, 55 - malaga",house_number,"Paseo de los Tilos, 55, Málaga, Spain"
"Tomás Echevarria, 6",house_number,"Tomás Echevarria, 6, Málaga, Spain"
C. Union Mercantil 25,house_number,"Calle Union Mercantil 25, Málaga, Spain"
"Velasco, 22 MALAGA",house_number,"Velasco, 22, Málaga, Spain"
"Vicente Aleixandre, 50 - malaga",house_number,"Vicente Aleixandre, 50, Málaga, Spain"
"Viña del Mar, 1 - Málaga",house_number,"Viña del Mar, 1, Málaga, Spain"
"Virgen de Belen, 5 - malaga",house_number,"Virgen de Belen, 5, Málaga, Spain"
"C. Virgen de la Esperanza, 18 MALAGA",house_number,"Calle Virgen de la Esperanza, 18, Málaga, Spain"
"Virgen de la Estrella, 10 - Malaga",house_number,"Virgen de la Estrella, 10, Málaga, Spain"
"Virgen de la Fuensanta, 27 -  malaga",house_number,"Virgen de la Fuensanta, 27, Málaga, Spain"
"C. Virgen de la Paloma, 105 MALAGA",house_number,"Calle Virgen de la Paloma, 105, Málaga, Spain"
"C. Virgen de las Flores, 2-4 MALAGA",house_number,"Calle Virgen de las Flores, 2-4, Málaga, Spain"
"C. Virgen del Rocío, 86-90 MALAGA",house_number,"Calle Virgen del Rocío, 86-90, Málaga, Spain"
Calle albahaca 10,house_number,"Calle Albahaca 10, Málaga, Spain"
"C. Martínez Maldonado, 59, Bailén-Miraflores, 29007 Málaga",house_number,"Calle Martínez Maldonado, 59, Bailén-miraflores, 29007, Málaga, Spain"
"C/ Hamlet, 11 con C/Robinson Crusoe",house_number,"Calle Hamlet, 11 and Calle Robinson Crusoe, Málaga, Spain"
"C/ Franz Kafka, 13 lateral Fruteria Samuel",house_number,"Calle Franz Kafka, 13, Málaga, Spain"
"C/Doctor Miguel Diaz Recio, 27 con C/Charles Dickens",house_number,"Calle Doctor Miguel Diaz Recio, 27 and Calle Charles Dickens, Málaga, Spain"
"Carril del Capitán, 3 con C/Navaro Ledesma",house_number,"Carril del Capitán, 3 and Calle Navaro Ledesma, Málaga, Spain"
"C/Pirandello, 12 con C/Franz Kafka",house_number,"Calle Pirandello, 12 and Calle Franz Kafka, Málaga, Spain"
"C/Juan Francés Bosca, 6 con Plaza Manos Unidas",house_number,"Calle Juan Francés Bosca, 6 and Plaza Manos Unidas, Málaga, Spain"
C/Mesonero Romanos con Avda. Jorge Luis Borge,intersection,"Calle Mesonero Romanos and Avenida Jorge Luis Borge, Málaga, Spain"
Avda. López de Vega junto Burguer King,street_only,"Avenida López de Vega, Málaga, Spain"
"Avda. Del Atabal, 3 con C/Atabalero",house_number,"Avenida del Atabal, 3 and Calle Atabalero, Málaga, Spain"
"Avda. del Atabal, 15 C/ Juan de Ortega",house_number,"Avenida del Atabal, 15 Calle Juan de Ortega, Málaga, Spain"
"C/Lope de Rueda, 43 frente Parroquia Ntra. Señora de Dolores",house_number,"Calle Lope de Rueda, 43, Málaga, Spain"
C/ Lope de Rueda con C/Escritora Ana Maria Matute frente Caixa,intersection,"Calle Lope de Rueda and Calle Escritora Ana Maria Matute, Málaga, Spain"
C/ Lope de Rueda esq Avda.Arquitecto Luis Bono,intersection,"Calle Lope de Rueda and Avenidaarquitecto Luis Bono, Málaga, Spain"
"Avda. Andersen, 22 con C/Euripides",house_number,"Avenida Andersen, 22 and Calle Euripides, Málaga, Spain"
Av. Navarro Ledesma  con C/ Escritora Josefina Aldecoa,intersection,"Avenida Navarro Ledesma and Calle Escritora Josefina Aldecoa, Málaga, Spain"
"Av. Navarro Ledesma, 235 frente grupo ARISA junto semaforo",house_number,"Avenida Navarro Ledesma, 235, Málaga, Spain"
"Avda. Escritor Antonio Soler, 15 con C/Catedrico Cristobal Cuevas",house_number,"Avenida Escritor Antonio Soler, 15 and Calle Catedrico Cristobal Cuevas, Málaga, Spain"
"C/ Pindaro, 9 entrada parking Mercadona",house_number,"Calle Pindaro, 9 Entrada Parking Mercadona, Málaga, Spain"
"C/ Esquilo, 6 con C/Solon",house_number,"Calle Esquilo, 6 and Calle Solon, Málaga, Spain"
"Avda. Plutarco, 61  antes de Avda.Permenides",house_number,"Avenida Plutarco, 61 Antes de Avenidapermenides, Málaga, Spain"
"Avda. Plutarco, esq. C/ Antigona",intersection,"Avenida Plutarco, and . Calle Antigona, Málaga, Spain"
"C/ Eolo,1 con C/de Demostenes",house_number,"Calle Eolo,1 and Calle de Demostenes, Málaga, Spain"
"Avda. Pepita Durán, esq. C/La  Sonata",intersection,"Avenida Pepita Durán, and . Calle la Sonata, Málaga, Spain"
"Diego Fernández Mendoza, 23 con C/Pablo Gargallo frente Dominos Pi",house_number,"Diego Fernández Mendoza, 23 and Calle Pablo Gargallo, Málaga, Spain"
"C/ Juana de Castro,1 con C/Nestor Almendros",house_number,"Calle Juana de Castro,1 and Calle Nestor Almendros, Málaga, Spain"
Avda. Julio Cortazar,street_only,"Avenida Julio Cortazar, Málaga, Spain"
"C/ Mallarmé, 2 con Avda Jorge Luis Borge",house_number,"Calle Mallarmé, 2 and Avenida Jorge Luis Borge, Málaga, Spain"
"avesía de Maqueda, 30 con Camino de Rojas frente bar Virgen del Rosa",house_number,"Avesía de Maqueda, 30 and Camino de Rojas, Málaga, Spain"
"C/ del Lingüista Lázaro Carreter, 2 con C/Prof. Alfonso Pagonoski",house_number,"Calle del Lingüista Lázaro Carreter, 2 and Calle Prof. Alfonso Pagonoski, Málaga, Spain"
"C/Jacob, 32 con C/Mateo Flecha",house_number,"Calle Jacob, 32 and Calle Mateo Flecha, Málaga, Spain"
C/ José Calderón con C/Jose Fernando Carvajal junto semáforo,intersection,"Calle José Calderón and Calle Jose Fernando Carvajal, Málaga, Spain"
"C/ José Calderón, 40 con C/Matisse al lado de contenedor aceite",house_number,"Calle José Calderón, 40 and Calle Matisse Al Lado de Contenedor Aceite, Málaga, Spain"
"C/ Praga, 7",house_number,"Calle Praga, 7, Málaga, Spain"
"Camino de Santa Inés, 29 junto parada de bus antes de llegar a C/Esop",house_number,"Camino de Santa Inés, 29, Málaga, Spain"
"C/ Escritor Julio Balbas, 63 con C/Dr. Ramos Acosta",house_number,"Calle Escritor Julio Balbas, 63 and Calle Dr. Ramos Acosta, Málaga, Spain"
"C/Heliomar, 12 con C/Maestro Serrano",house_number,"Calle Heliomar, 12 and Calle Maestro Serrano, Málaga, Spain"
"C/ Doctor Ramos Acosta, 20 con C/Sedella en la rotonda",house_number,"Calle Doctor Ramos Acosta, 20 and Calle Sedella En la Rotonda, Málaga, Spain"
"C/ Gaspar Sanz, 13 con C/Arbol Blanco",house_number,"Calle Gaspar Sanz, 13 and Calle Arbol Blanco, Málaga, Spain"
"Camino Nuevo, 42 con C/Benamocarra",house_number,"Camino Nuevo, 42 and Calle Benamocarra, Málaga, Spain"
"C/Plaza de la Inmaculada, 14",house_number,"Calle Plaza de la Inmaculada, 14, Málaga, Spain"
"Camino de la Huertecilla, 49 con C/Decano Souviron y Torres",house_number,"Camino de la Huertecilla, 49 and Calle Decano Souviron y Torres, Málaga, Spain"
"C/ Decano Manuel Torriglia, 26 con Plaza Ferrer Y Guardia",house_number,"Calle Decano Manuel Torriglia, 26 and Plaza Ferrer y Guardia, Málaga, Spain"
"Camino Guadalmar a la Loma, 9 (Mini Market)",house_number,"Camino Guadalmar A la Loma, 9, Málaga, Spain"
"C/ Guadalhorce, 6 Frente Parroquia Santa María Estrella de los Mares",house_number,"Calle Guadalhorce, 6, Málaga, Spain"
Ctra. De Olias 109-111,house_number,"Carretera de Olias 109-111, Málaga, Spain"
"C/ Almeria, 63",house_number,"Calle Almeria, 63, Málaga, Spain"
"C/ Villafuerte, 44",house_number,"Calle Villafuerte, 44, Málaga, Spain"
"Avda. Juan Sebastian Elcano, 147",house_number,"Avenida Juan Sebastian Elcano, 147, Málaga, Spain"
"C/ Pio Baroja, 5-7 Esquina Escultor Marin Higuero",house_number,"Calle Pio Baroja, 5-7 and Escultor Marin Higuero, Málaga, Spain"
"C/ Arquitecto Eduardo Esteve, 9",house_number,"Calle Arquitecto Eduardo Esteve, 9, Málaga, Spain"
C/ Ortega Munilla esquina Avda. Pio Baroja,intersection,"Calle Ortega Munilla and Avenida Pio Baroja, Málaga, Spain"
"C/ Salvador Allende, 175",house_number,"Calle Salvador Allende, 175, Málaga, Spain"
"Avda. Juan Sebastian Elcano, 195",house_number,"Avenida Juan Sebastian Elcano, 195, Málaga, Spain"
"Avda. San Isidro, 1",house_number,"Avenida San Isidro, 1, Málaga, Spain"
"C/ Amador de los Ríos, 22",house_number,"Calle Amador de los Ríos, 22, Málaga, Spain"
"Avda. Juan Sebastian Elcano, 8 esquina C/ Pez Plata",house_number,"Avenida Juan Sebastian Elcano, 8 and Calle Pez Plata, Málaga, Spain"
"Avda. Pintor Sorolla, esquina C/ Idris, 1",house_number,"Avenida Pintor Sorolla, and Calle Idris, 1, Málaga, Spain"
"C/ Federico Fellini, 32 con C/ Miguel Indurain",house_number,"Calle Federico Fellini, 32 and Calle Miguel Indurain, Málaga, Spain"
"C/ Federico Fellini, 64",house_number,"Calle Federico Fellini, 64, Málaga, Spain"
"Paseo Cerrado de Calderón, 14",house_number,"Paseo Cerrado de Calderón, 14, Málaga, Spain"
"C/ Juan Cabanilles, 13 con C/ Olmos",house_number,"Calle Juan Cabanilles, 13 and Calle Olmos, Málaga, Spain"
"C/ Juan Vazquez, 3 esquina C/ Idris, 1",house_number,"Calle Juan Vazquez, 3 and Calle Idris, 1, Málaga, Spain"
"da. de la Aurora, 5 (frente restaurante Japonés ""ASAKUSA"") encima ac",house_number,"Da. de la Aurora, 5, Málaga, Spain"
"C/ Hilera, 6 Frente CAJAMAR encima acera. Altura señal parquing 24h.",house_number,"Calle Hilera, 6, Málaga, Spain"
"rmoles, 14 Frente clínica ""SINTESIS CENTER"". Encima acera, al lado de k",house_number,"Rmoles, 14, Málaga, Spain"
". de Fátima, 19 Junto contenedores. Frente restaurante vegetariano ""S",house_number,"De Fátima, 19, Málaga, Spain"
"C/ San Bartolomé, 15 Junto contenedores. Sobre acera. Frente MAPFR",house_number,"Calle San Bartolomé, 15, Málaga, Spain"
"tra. Sra. De Las Guías, 3 Esquina plaza Nazaret. Sobre acera, en Parada",house_number,"Tra. Sra. de las Guías, 3 and Plaza Nazaret, Málaga, Spain"
"Avda. Cibeles, 45 Con Calle Moisés. En esquina sobre acera.",house_number,"Avenida Cibeles, 45 and Calle Moisés. En and, Málaga, Spain"
"Pza. Francisco López López, 5 En Rotonda junto contenedores",house_number,"Plaza Francisco López López, 5 En Rotonda, Málaga, Spain"
"r, 23 Esquina calle Rafael Fernández. Junto Contenedores. Antes de pa",house_number,"R, 23 and Calle Rafael Fernández, Málaga, Spain"
"ntiago Ramón y Cajal, 67  Sobre acera. Altura parada de Taxis. Frente C",house_number,"Ntiago Ramón y Cajal, 67, Málaga, Spain"
"Thuiller, 85 Frente supermercado MAS. Sobre acera. Al lado de cuadro",house_number,"Thuiller, 85, Málaga, Spain"
con C/ Alcalde José Hernández Lateral CEIP BLAS INFANTE. Sobre Acera,intersection,"And Calle Alcalde José Hernández, Málaga, Spain"
Avenida Malaga Oloroso con C/ Jerez Perchet,intersection,"Avenida Malaga Oloroso and Calle Jerez Perchet, Málaga, Spain"
"o Miranda, 15 Con C/ Héctor Villa-lobos, 35. Frente parque infantil. So",house_number,"O Miranda, 15 and Calle Héctor Villa-lobos, 35, Málaga, Spain"
"Av. Málaga oloroso, 36 Con calle Quina. Encima acera Parque infantil.",house_number,"Avenida Málaga Oloroso, 36 and Calle Quina. Encima Acera Parque Infantil, Málaga, Spain"
n C/ Alcalde Joaquín Quiles. Frente parque infantil. Sobre acera de fren,street_only,"N Calle Alcalde Joaquín Quiles, Málaga, Spain"
on calle Cristóbal Fonseca Sobre acera junto aparcamiento minusválid,street_only,"On Calle Cristóbal Fonseca, Málaga, Spain"
"C/Del Marqués de Mantua, 17 Junto contenedores. Frente pisos.",house_number,"Calle del Marqués de Mantua, 17, Málaga, Spain"
"/ Pastora Imperio, 11 Con C/ Sor Juana Inés de la Cruz. Cerca de gloriet",house_number,"/ Pastora Imperio, 11 and Calle Sor Juana Inés de la Cruz, Málaga, Spain"
"Casabermeja,  56 esq. C/ Dolores Cassini, 15 Junto Contenedores frent",house_number,"Casabermeja, 56 and . Calle Dolores Cassini, 15, Málaga, Spain"
"de John F. Kennedy, 4 Puertas polideportivo. Sobre acera. Cerca de ro",house_number,"De John F. Kennedy, 4 Puertas Polideportivo, Málaga, Spain"
"Avenida de Juan Grande, 6 Benito Menni. Junto contenedores",house_number,"Avenida de Juan Grande, 6 Benito Menni, Málaga, Spain"
Avda. de la Rosaleda esq. C/ San Rafael,intersection,"Avenida de la Rosaleda and . Calle San Rafael, Málaga, Spain"
"Alameda de Capuchinos, 14",house_number,"Alameda de Capuchinos, 14, Málaga, Spain"
"C/ Cristo de la Epidemía, 42",house_number,"Calle Cristo de la Epidemía, 42, Málaga, Spain"
"C/ Compás de la Victoria, 4",house_number,"Calle Compás de la Victoria, 4, Málaga, Spain"
"C/ Ferrandiz, 18",house_number,"Calle Ferrandiz, 18, Málaga, Spain"
"C/ Ferrandiz, 67",house_number,"Calle Ferrandiz, 67, Málaga, Spain"
"Camino de los Almendrales, 15",house_number,"Camino de los Almendrales, 15, Málaga, Spain"
"Avda. Manuel Gorria, 63",house_number,"Avenida Manuel Gorria, 63, Málaga, Spain"
"Plaza de Olletas, 7",house_number,"Plaza de Olletas, 7, Málaga, Spain"
"C/ San Juan Bosco, 51 esq. C/ Soto Mayor",house_number,"Calle San Juan Bosco, 51 and . Calle Soto Mayor, Málaga, Spain"
"Alameda de Colón, 8 esq. Pasaje Linaje",house_number,"Alameda de Colón, 8 and . Pasaje Linaje, Málaga, Spain"
"C/ Córdoba, 16",house_number,"Calle Córdoba, 16, Málaga, Spain"
"C/ Atarazanas, 10",house_number,"Calle Atarazanas, 10, Málaga, Spain"
"C/ Armengual de la Mota, 29",house_number,"Calle Armengual de la Mota, 29, Málaga, Spain"
C/ Salistre,street_only,"Calle Salistre, Málaga, Spain"
"C/ Cuarteles, 49",house_number,"Calle Cuarteles, 49, Málaga, Spain"
"Avda. Barcelona, 1",house_number,"Avenida Barcelona, 1, Málaga, Spain"
Plaza de Bailen,street_only,"Plaza de Bailen, Málaga, Spain"
"Arroyo de los Angeles, 5",house_number,"Arroyo de los Angeles, 5, Málaga, Spain"
"Avda. Doctor Galvez Ginachero, esq, C/ Don Juan de Austria",intersection,"Avenida Doctor Galvez Ginachero, and , Calle Don Juan de Austria, Málaga, Spain"
"C/ Caballerizas, esq. C/ La Era",intersection,"Calle Caballerizas, and . Calle la Era, Málaga, Spain"
"C/ Sierra de Grazalema, 32",house_number,"Calle Sierra de Grazalema, 32, Málaga, Spain"
Plaza de la Merced,street_only,"Plaza de la Merced, Málaga, Spain"
"Plaza de Reding, 22",house_number,"Plaza de Reding, 22, Málaga, Spain"
"Avda. de Canovas del Castillo, 5",house_number,"Avenida de Canovas del Castillo, 5, Málaga, Spain"
"C/ Reding, esq. C/ Pintor Martinez Virel",intersection,"Calle Reding, and . Calle Pintor Martinez Virel, Málaga, Spain"
"Paseo del Limonar, 23, esq. C/ Ramos Carrion",house_number,"Paseo del Limonar, 23, and . Calle Ramos Carrion, Málaga, Spain"
"Ctra. Campanillas a Colmenarejo, frente nº12",house_number,"Carretera Campanillas A Colmenarejo, Málaga, Spain"
Avda. Manuel Rodríguez con C/ Manuel Rivera Vera,intersection,"Avenida Manuel Rodríguez and Calle Manuel Rivera Vera, Málaga, Spain"
"C/ Azalea, 17",house_number,"Calle Azalea, 17, Málaga, Spain"
C/ Lope de Rueda con Cmno. Del Orozco,intersection,"Calle Lope de Rueda and Camino del Orozco, Málaga, Spain"
"C/ Fuente Alegre, 10",house_number,"Calle Fuente Alegre, 10, Málaga, Spain"
C/ Jacobina con C/ Espliego,intersection,"Calle Jacobina and Calle Espliego, Málaga, Spain"
C/ Lope de Rueda con C/ Uranio,intersection,"Calle Lope de Rueda and Calle Uranio, Málaga, Spain"
C/ Lope de Rueda con C/ Juan Perez de Viedma,intersection,"Calle Lope de Rueda and Calle Juan Perez de Viedma, Málaga, Spain"
C/ Zarzamora con C/ Cerraja,intersection,"Calle Zarzamora and Calle Cerraja, Málaga, Spain"
"C/ Orquidea,30",house_number,"Calle Orquidea,30, Málaga, Spain"
"C/ Espiga, 6",house_number,"Calle Espiga, 6, Málaga, Spain"
"Carril Camapnillas a Colme+F109:F124narejo, 14 Huertecilla de Mañas",house_number,"Carril Camapnillas A Colme+f109:f124narejo, 14 Huertecilla de Mañas, Málaga, Spain"
Entre C/ Espiga y C/ Sirio,intersection,"Calle Espiga y Calle Sirio, Málaga, Spain"
"C/ Mercedes Formica, 4",house_number,"Calle Mercedes Formica, 4, Málaga, Spain"
"C/ Escritora Carmen Bravo -Villasante, 12",house_number,"Calle Escritora Carmen Bravo -villasante, 12, Málaga, Spain"
C7 Emilio Zola,house_number,"C7 Emilio Zola, Málaga, Spain"
C/ Compositor Carmeno Bernaola con C/ Profesor Alfonso Progonoski,intersection,"Calle Compositor Carmeno Bernaola and Calle Profesor Alfonso Progonoski, Málaga, Spain"
"C/ DE CARTAOJAL, 32",house_number,"Calle de Cartaojal, 32, Málaga, Spain"
C/ AGATA CON C/ COLMENAREJO NUEVO,intersection,"Calle Agata and Calle Colmenarejo Nuevo, Málaga, Spain"
A7058 CON C/ ANEMONA,house_number,"A7058 and Calle Anemona, Málaga, Spain"
C/ FAUSTO CON C/ ISRAEL,intersection,"Calle Fausto and Calle Israel, Málaga, Spain"
"C/ JOSE CALDERON, 123",house_number,"Calle Jose Calderon, 123, Málaga, Spain"
"C/ FAUSTO, 18",house_number,"Calle Fausto, 18, Málaga, Spain"
"C/ PRAGA, 14",house_number,"Calle Praga, 14, Málaga, Spain"
C/ CANAL CON C/ DINAMARCA,intersection,"Calle Canal and Calle Dinamarca, Málaga, Spain"
CARRIL DE COIN CON C/ TORREMOLINOS,intersection,"Carril de Coin and Calle Torremolinos, Málaga, Spain"
"C/ DEL MAESTRO VALT, 7",house_number,"Calle del Maestro Valt, 7, Málaga, Spain"
GONZALO SUAREZ RENDON CON C/ RAMON URBANO CARRERE,intersection,"Gonzalo Suarez Rendon and Calle Ramon Urbano Carrere, Málaga, Spain"
"C/ MARIA TUBAU, 37",house_number,"Calle Maria Tubau, 37, Málaga, Spain"
"C/ JOSE DIAZ OLIVA, 4",house_number,"Calle Jose Diaz Oliva, 4, Málaga, Spain"
"C/ JEREZ PERCHET, 31",house_number,"Calle Jerez Perchet, 31, Málaga, Spain"
"C/ JUAN DEL ENCINA, 17",house_number,"Calle Juan del Encina, 17, Málaga, Spain"
C/ EMILIO DIAZ CON C/ ISABEL CHAIX,intersection,"Calle Emilio Diaz and Calle Isabel Chaix, Málaga, Spain"
C/ OBISPO BARTOLOMÉ ESPEJO CON C/ ROJAS,intersection,"Calle Obispo Bartolomé Espejo and Calle Rojas, Málaga, Spain"
C/ EL CLARINETE CON C/ PASION,intersection,"Calle el Clarinete and Calle Pasion, Málaga, Spain"
"C/ SANTIAGO RAMON Y CAJAL, 11",house_number,"Calle Santiago Ramon y Cajal, 11, Málaga, Spain"
C/ FRANCISCO LOPEZ LOPEZ CON C/ SANCHO PANZA,intersection,"Calle Francisco Lopez Lopez and Calle Sancho Panza, Málaga, Spain"
"AVDA JORGE SILVELA, 72",house_number,"Avenida Jorge Silvela, 72, Málaga, Spain"
C/ QUINTANAR DE LA ORDEN CON C/ VENTILLAS DE TOLEDO,intersection,"Calle Quintanar de la Orden and Calle Ventillas de Toledo, Málaga, Spain"
PASAJE HOSPITALARIOS CON CMNO CASABERMEJA (LATERAL PEUGEOT,intersection,"Pasaje Hospitalarios and Camino Casabermeja, Málaga, Spain"
"C/ LORENZA CORREA, 22",house_number,"Calle Lorenza Correa, 22, Málaga, Spain"
"C/ LUIS TOBOADA, 12",house_number,"Calle Luis Toboada, 12, Málaga, Spain"
"AVDA. JUAN SEBASTIAN ELCANO, 1725 FRENTE PRIMOR",house_number,"Avenida Juan Sebastian Elcano, 1725, Málaga, Spain"
"AVDA. SALVADOR ALLENDE, 90 LATERAL COLEGIO",house_number,"Avenida Salvador Allende, 90, Málaga, Spain"
"C/ ALMENA, 83",house_number,"Calle Almena, 83, Málaga, Spain"
"C/ ALMERIA, 31 FRENTE SALONES DE JUEGO",house_number,"Calle Almeria, 31, Málaga, Spain"
"C/ JULIO GOMEZ, 3",house_number,"Calle Julio Gomez, 3, Málaga, Spain"
"AVDA. SALVADOR ALLENDE, 36 FRENTE OCASO",house_number,"Avenida Salvador Allende, 36, Málaga, Spain"
"C/ ARQUITECTO EDUARDO ESTEVE, 2",house_number,"Calle Arquitecto Eduardo Esteve, 2, Málaga, Spain"
"C/ MIRAFLORES DEL PALO, 2",house_number,"Calle Miraflores del Palo, 2, Málaga, Spain"
"C/ MONTIEL, 46",house_number,"Calle Montiel, 46, Málaga, Spain"
"C/ MAR, 12 FRENTE GESTORIA",house_number,"Calle Mar, 12, Málaga, Spain"
"C/ EL PALUSTRE, 6",house_number,"Calle el Palustre, 6, Málaga, Spain"
"C/ ESPAÑA, 18",house_number,"Calle España, 18, Málaga, Spain"
"C/ VILLAFUERTE, 28",house_number,"Calle Villafuerte, 28, Málaga, Spain"
"C/ VILLAFUERTE, 5",house_number,"Calle Villafuerte, 5, Málaga, Spain"
C/ ALMERIA,street_only,"Calle Almeria, Málaga, Spain"
"AVDA. MIRAFLORES DEL PALO, 21",house_number,"Avenida Miraflores del Palo, 21, Málaga, Spain"
"AVDA. DE MIRAFLORES DEL PALO, 28",house_number,"Avenida de Miraflores del Palo, 28, Málaga, Spain"
"C/ PADRE LERCHUNDI, 19",house_number,"Calle Padre Lerchundi, 19, Málaga, Spain"
"AVDA. SALVADOR ALLENDE, 5",house_number,"Avenida Salvador Allende, 5, Málaga, Spain"
"C/ BANDA DEL MAR, 47",house_number,"Calle Banda del Mar, 47, Málaga, Spain"
"C/ REAL, 15",house_number,"Calle Real, 15, Málaga, Spain"
"C/ LUIS TOBOADA, 43",house_number,"Calle Luis Toboada, 43, Málaga, Spain"
"C/ PRACTICANTE FERNANDEZ ALCOLEA,12",house_number,"Calle Practicante Fernandez Alcolea,12, Málaga, Spain"
"C/ MARCOS ZAPATA, 1",house_number,"Calle Marcos Zapata, 1, Málaga, Spain"
"C/ JUAN SEBASTIAN ELCANO, 50",house_number,"Calle Juan Sebastian Elcano, 50, Málaga, Spain"
"C/ CANALES, 7",house_number,"Calle Canales, 7, Málaga, Spain"
"C/ PZA. DE TOROS VIEJA, 21",house_number,"Calle Plaza de Toros Vieja, 21, Málaga, Spain"
"C/ SEVILLA, 6",house_number,"Calle Sevilla, 6, Málaga, Spain"
"C/ PADRE ISLA, 2",house_number,"Calle Padre Isla, 2, Málaga, Spain"
"PASEO DE SANCHA, 57",house_number,"Paseo de Sancha, 57, Málaga, Spain"
"PASEO DE SANCHA, 4 FRENTE BBVA",house_number,"Paseo de Sancha, 4, Málaga, Spain"
"C/ALCALDE PEDRO LUIS ALONSO, 1",house_number,"Calle Alcalde Pedro Luis Alonso, 1, Málaga, Spain"
C/ EDUARDO DOMINGUEZ AVILA,street_only,"Calle Eduardo Dominguez Avila, Málaga, Spain"
C/ JULIO DE MATHIAS,street_only,"Calle Julio de Mathias, Málaga, Spain"
"C/ ZURBARAN, 32",house_number,"Calle Zurbaran, 32, Málaga, Spain"
"PASEO MARITIMO COMUNIDAD DE MELILLA, 8",house_number,"Paseo Maritimo Comunidad de Melilla, 8, Málaga, Spain"
"C/ ACTRIZ ROSARIO PINO, 12",house_number,"Calle Actriz Rosario Pino, 12, Málaga, Spain"
"C/ HUERTO DE LOS CLAVELES, 6",house_number,"Calle Huerto de los Claveles, 6, Málaga, Spain"
"ALAMEDA DE BARCELO, 48",house_number,"Alameda de Barcelo, 48, Málaga, Spain"
"CRISTO DE LA EPIFANIA, 42",house_number,"Cristo de la Epifania, 42, Málaga, Spain"
"AVDA. NAVARRO LEDESMA, 245",house_number,"Avenida Navarro Ledesma, 245, Málaga, Spain"
AVDA. MARIA VICTORIA ATENCIA CON C/ ALICIA ALONSO,intersection,"Avenida Maria Victoria Atencia and Calle Alicia Alonso, Málaga, Spain"
C/ GIORDANO BRUNO CON AVDA. LOUIS PASTEUR,intersection,"Calle Giordano Bruno and Avenida Louis Pasteur, Málaga, Spain"
"C/ ROJAS, 69",house_number,"Calle Rojas, 69, Málaga, Spain"
"CARRIL CASTELL, 24",house_number,"Carril Castell, 24, Málaga, Spain"
"C/ AMARGURA, 52",house_number,"Calle Amargura, 52, Málaga, Spain"
"C/ LUIS DE MACEDA, 7",house_number,"Calle Luis de Maceda, 7, Málaga, Spain"
"CAMINO DEL COMENAR, 57",house_number,"Camino del Comenar, 57, Málaga, Spain"
"ALAMEDA DE CAPUCHINOS, 48",house_number,"Alameda de Capuchinos, 48, Málaga, Spain"
"CAMINO DEL COLMENAR, 13",house_number,"Camino del Colmenar, 13, Málaga, Spain"
CAMINO DE LOS ALMENDRALES (SUPERMERCADO DÍA),street_only,"Camino de los Almendrales, Málaga, Spain"
"C/ VICTORIA, 41",house_number,"Calle Victoria, 41, Málaga, Spain"
"CALLEJONES DEL PERCHEL, 19 FRENTE CLINICA PODOLOGICA",house_number,"Callejones del Perchel, 19, Málaga, Spain"
"PASEO MARITIMO COMUNIDAD DE MELILLA, 3",house_number,"Paseo Maritimo Comunidad de Melilla, 3, Málaga, Spain"
"C/ KANDINSKY, 20",house_number,"Calle Kandinsky, 20, Málaga, Spain"
C/ TAMAYO Y BAUS CON C/ JUAN FRANCES BOSCÁ,intersection,"Calle Tamayo y Baus and Calle Juan Frances Boscá, Málaga, Spain"
C/ ARISTOFANES CON C/ ESQUILO,intersection,"Calle Aristofanes and Calle Esquilo, Málaga, Spain"
"AVDA DOLORES RODRIGUEZ DE ARAGÓN, 3",house_number,"Avenida Dolores Rodriguez de Aragón, 3, Málaga, Spain"
"C/ JUAN DE ROBLES, 61",house_number,"Calle Juan de Robles, 61, Málaga, Spain"
C/ PABLO BRUNA CON C/ CHARLES DIKENS,intersection,"Calle Pablo Bruna and Calle Charles Dikens, Málaga, Spain"
"C/ JUAN DE ROBLES, CON CALLE ORSON WELLS",intersection,"Calle Juan de Robles, and Calle Orson Wells, Málaga, Spain"
C/ MIGUEL CARRERA CON C/ DIEGO LOPEZ DE ZUÑIGA,intersection,"Calle Miguel Carrera and Calle Diego Lopez de Zuñiga, Málaga, Spain"
C/ DE CARMEN LAFORET CON AVENIDA PEPITA DURAN,intersection,"Calle de Carmen Laforet and Avenida Pepita Duran, Málaga, Spain"
C/ HAMLET CON C/ SHANTI ANDIA,intersection,"Calle Hamlet and Calle Shanti Andia, Málaga, Spain"
AVDA SANTIAGO RAMON Y CAJAL,street_only,"Avenida Santiago Ramon y Cajal, Málaga, Spain"
C/ MAZARREDO CON AV. DE ARROYO DE LOS ANGELES,intersection,"Calle Mazarredo and Avenida de Arroyo de los Angeles, Málaga, Spain"
"C/ PADRE MONDEJAR, 3",house_number,"Calle Padre Mondejar, 3, Málaga, Spain"
"C/ ANTONIO LINARES PEZZI, 31",house_number,"Calle Antonio Linares Pezzi, 31, Málaga, Spain"
"C/ FRAILE, 2",house_number,"Calle Fraile, 2, Málaga, Spain"
"C/ SALISTRE, 40",house_number,"Calle Salistre, 40, Málaga, Spain"
C/ CANALES CON CALLE JACINTO VERDAGUER,intersection,"Calle Canales and Calle Jacinto Verdaguer, Málaga, Spain"
AVDA. DOCTOR GALVEZ GINACHERO ESQ. DON JUAN DE AUSTRIA,intersection,"Avenida Doctor Galvez Ginachero and . Don Juan de Austria, Málaga, Spain"
CALLE PUERTO PAREJO 6-8,house_number,"Calle Puerto Parejo 6-8, Málaga, Spain"
FRANZ KAFKA,street_only,"Franz Kafka, Málaga, Spain"
AVDA. NAVARRO LEDESMA,street_only,"Avenida Navarro Ledesma, Málaga, Spain"
"BULEVAR DE LOUIS PARTEUR,2",house_number,"Bulevar de Louis Parteur,2, Málaga, Spain"
"AV. DEL EDITOR ANGEL CAFFARENA, 25",house_number,"Avenida del Editor Angel Caffarena, 25, Málaga, Spain"
